{"n_steps": 256, "gamma": 0.923962040605883, "learning_rate": 0.00045145056297537763, "ent_coef": 9.831384471346723e-07, "clip_range": 0.30754223645381185, "gae_lambda": 0.8115372530539453, "max_grad_norm": 0.8786863533420894, "vf_coef": 0.551612291480355}